,radius_mean,texture_mean,perimeter_mean,area_mean,smoothness_mean,compactness_mean,concavity_mean,concave points_mean,symmetry_mean,fractal_dimension_mean,radius_se,texture_se,perimeter_se,area_se,smoothness_se,compactness_se,concavity_se,concave points_se,symmetry_se,fractal_dimension_se,radius_worst,texture_worst,perimeter_worst,area_worst,smoothness_worst,compactness_worst,concavity_worst,concave points_worst,symmetry_worst,fractal_dimension_worst
0,14.9,20.2,97,700,0.1447,0.104,0.09,0.054,0.2655,0.06877,1.509,3.12,9.807,233.0,0.02333,0.09806,0.1278,0.01822,0.04547,0.009875,26.02,23.99,180.9,2073.0,0.1696,0.4244,0.5803,0.2248,0.3222,0.08009
1,15.1,19.1,105,750,0.08992,0.11,0.101,0.054,0.1879,0.05852,0.2877,0.948,2.171,24.87,0.005332,0.02115,0.01536,0.01187,0.01522,0.002815,16.25,26.19,109.1,809.8,0.1313,0.303,0.1804,0.1489,0.2962,0.08472
2,15.1,18.9,105,750,0.08386,0.11,0.101,0.054,0.1555,0.06048,0.243,1.152,1.559,18.02,0.00718,0.01096,0.005832,0.005495,0.01982,0.002754,20.0,27.06,86.54,562.6,0.1289,0.1352,0.04506,0.05093,0.288,0.08083
3,15.1,13.98,105,750,0.1099,0.11,0.101,0.054,0.165,0.06121,0.306,0.7213,2.143,25.7,0.006133,0.01251,0.01615,0.01136,0.02207,0.003563,20.0,16.93,103.1,749.9,0.1347,0.1478,0.1373,0.1069,0.2606,0.0781
4,14.9,17.6,97,700,0.1099,0.104,0.09,0.054,0.1907,0.06049,0.6289,0.6633,4.293,71.56,0.006294,0.03994,0.05554,0.01695,0.02428,0.003535,22.82,21.32,150.6,1567.0,0.1679,0.509,0.7345,0.2378,0.3799,0.09185
